Crash Type,Report Made?,Date / Time,Case Number,District,Crash Location,Lanes Of Traffic,Signal Present?,Speed Limit Of Road (MPH),Road Type,Synopsis,Ticket/Arrest?,Citation To,Pedestrian Age,Pedestrian Gender,Pedestrian City Of Residence,Pedestrian Zip Code,Biker Age,Biker Gender,Biker City of Residence,Biker Zip Code,Driver Age,Driver Gender,Driver City Of Residence,Driver Zip Code,Injury to Pedestrian?,Level of Injury to Pedestrian,Pedestrian to Hospital?,Injury to Biker?,Level of Injury to Biker,Biker to Hospital?,Crash Lat/Long Location,Count,District Council - Map,Council Ward
Bike,Yes,06/26/2016 05:47:00 PM,16-128018,Eastern District,Cottage Ave E & Forest Street,,,,City Street,,No,None,,,,,18,Male,Unknown,Unknown,,Unknown,Unknown,Unknown,,,,Unknown,Unknown,No,"(44.98294, -93.060917)",1,13,1
Pedestrian,No,05/01/2016 12:12:00 PM,16-084302,Western District,University Ave W & Lexington Pkwy,,,,County - State Aid Highway,,No,None,,Unknown,Unknown,Unknown,,,,,,Unknown,Unknown,Unknown,Unknown,Unknown,Unknown,,,,"(44.955656, -93.14655)",1,9,7
Pedestrian,No,06/25/2016 11:18:00 PM,16-127547,Western District,Western Ave N & VanBuren,,,,City Street,,No,None,,Unknown,Unknown,Unknown,,,,,,Unknown,Unknown,Unknown,Yes,Unknown,Unknown,,,,"(44.962065, -93.116132)",1,10,7
Bike,Yes,09/18/2017 01:45:00 PM,17-220914,Western District,Lexington Pkwy & Concrordia,4,Yes,30,County - State Aid Highway,Biker in W x-walk was struck by right turning vehicle.,No,None,,,,,18,Female,St. Paul,55104,29,Female,Minneapolis,55412,,,,Yes,Suspected Minor Injury,No,"(44.951615, -93.146753)",1,17,7
Pedestrian,Yes,09/27/2017 08:06:00 AM,17-228594,Western District,7th St W & Albion St,2,Yes,30,State - Trunk Highway,Driver was SB Albion making left to EB 7th Street.  Pedestrian was NB in E x-walk with walk sign.  Driver said sun was in eyes and could not see.  Driver cited for FTY pedestrian.,Yes,Driver,59,Female,St. Paul,55102,,,,,36,Female,Minneapolis,55416,Yes,Suspected Minor Injury,Yes,,,,"(44.91434231, -93.1465634)",1,6,6
Pedestrian,No,09/06/2017 04:54:00 PM,17-211026,Central District,6th St & Robert,4,Yes,30,State - Trunk Highway,"No Report, pedestrian struck, no more details",No,None,,Unknown,Unknown,Unknown,,,,,,Unknown,Unknown,Unknown,Unknown,Unknown,Unknown,,,,"(44.948224, -93.09162)",1,12,5
Pedestrian,Yes,12/13/2016 12:23:00 PM,16-254951,Central District,7th Place & Wabasha St N,2,Yes,30,Municipal Aid Street,Pedestrian hit by vehicle backing across crosswalk.  Laceration to head.  Suspect Black Male wearing MN Twins clothing driving gray Audi or Chrysler.  Video requested from area businesses.  Report Written.,No,None,25,Male,Little Canada,55113,,,,,,Male,Unknown,Unknown,Yes,Suspected Minor Injury,Yes,,,,"(44.968003, -93.02777048)",1,14,1
Pedestrian,Yes,02/13/2018 04:01:00 PM,18-031334,Western District,University Ave W (1420) & Pascal St,Parking Lot,No,10,Private,Driver struck 2 pedestrians while driving through the parking lot of the Dollar Tree at 1420 University.  Driver claimed that the sun temporarily blinded him.,No,None,61,Female,St. Paul,55104,,,,,33,Male,St. Paul,55104,Yes,Suspected Minor Injury,No,,,,"(44.95549518, -93.15915021)",1,17,7
Pedestrian,Yes,09/27/2017 09:20:00 PM,17-229270,Eastern District,6th St E & Mounds Blvd,5,Yes,30,State - Trunk Highway,Pedestrian illegally crossed road and was struck by vehicle.  Pedestrian cited.,Yes,Pedestrian,31,Male,St. Paul,55119,,,,,32,Male,St. Paul,55106,Yes,Suspected Minor Injury,Yes,,,,"(44.9560731, -93.07461968)",1,15,2
Pedestrian,Yes,10/03/2017 03:32:00 PM,17-233929,Central District,Front Ave & Western Ave,2,No,30,County - State Aid Highway,Vehicle intentionally struck pedestrian.  Being investigated as an aggravated assault by police.,No,None,44,Female,St. Paul,55117,,,,,,Male,Unknown,Unknown,Yes,Suspected Serious Injury,Yes,,,,"(44.97011168, -93.11726991)",1,3,7
Pedestrian,Yes,03/07/2018 06:44:00 PM,18-047677,Central District,George St W & Stryker,2,No,30,Municiapl State Aid,"The driver was driving northbound on Stryker Ave. towards George St. West. Driver said that he heard a ""thump, thump"" on the right side of the car. Driver stopped right away, looked in his rearview mirror and saw someone fall over. The pedestrian had been hit by the passenger side mirror.",No,None,88,Male,St. Paul,55107,,,,,60,Male,Inver Grove Heights,55076,Yes,Suspected Minor Injury,Yes,,,,"(44.92972846, -93.08811793)",1,7,5
Pedestrian,Yes,09/13/2017 07:54:00 PM,17-217213,Central District,Hoyt Ave & Rice St,4,No,30,County - State Aid Highway,Driver SB Rice at Hoyt.  Pedestrian crossing in crosswalk.  Driver failed to stop for ped and fled scene.  Investigation revealed driver who was cited.,Yes,Driver,58,Male,St. Paul,55117,,,,,42,Female,St. Paul,55117,Yes,Suspected Minor Injury,Yes,,,,"(44.98825604, -93.10595581)",1,3,3
Pedestrian,Yes,10/02/2017 02:13:00 PM,17-233108,Western District,Grand Ave & St. Albans,3,No,30,Municipal State Aid,"Driver SB St. Albans, struck pedestrian who was crossing in N x-walk.  Driver said they did not see pedestrian.  Driver cited for FTY Pedestrian.",Yes,Driver,64,Female,Excelsior,55331,,,,,65,Female,St. Paul,55105,Yes,Suspected Minor Injury,Yes,,,,"(44.93993757, -93.12874119)",1,8,5
Pedestrian,Yes,02/21/2018 03:22:00 PM,18-037188,Central District,Page St E (279) & Harvard,2,No,30,City,Vehicle backing out of driveway struck 6 y/o child that was walking on sidewalk.,No,None,6,Male,St. Paul,55107,,,,,55,Male,St. Paul,55107,Yes,Suspected Minor Injury,Yes,,,,"(44.92489936, -93.07594719)",1,7,5
Bike,Yes,09/26/2017 08:28:00 AM,17-227714,Central District,7th St E & John St,5,Stop Sign,30,State - Trunk Highway,"Vehicle SB John, making right to 7th Street.  Biker EB on N sidewalk/x-walk.  Vehicle turned without looking at biker and struck biker.",Yes,Driver,,,,,34,Female,South St. Paul,55075,65,Female,Maplewood,55109,,,,Yes,Possible Injury,Yes,"(44.95319992, -93.08419579)",1,15,5
Bike,Yes,09/23/2017 08:29:00 AM,17-225369,Central District,Rice St & Sycamore,4,Yes,30,County - State Aid Highway,"Bike was NB on W sidewalk of Rice Street, with red light.  Vehicle was EB Sycamore, making right turn to SB Rice, with green light.  Bike failed to obey light and rode into vehicle.  Biker cited.",Yes,Biker,,,,,36,Male,St. Paul,55103,40,Female,St. Paul,55117,,,,Yes,Suspected Minor Injury,Yes,"(44.96471715, -93.10606009)",1,3,7
Bike,Yes,09/14/2017 09:28:00 PM,17-218161,Western District,Hamline Ave N & University Ave W,4,No,30,Municipal State Aid,"Driver NB Hamline, making left into parking lot and struck biker.",No,None,,,,,42,Male,St. Paul,55104,31,Male,St. Paul,55105,,,,Yes,Suspected Minor Injury,No,"(44.95350231, -93.15693086)",1,17,7
Pedestrian,Yes,10/06/2017 08:40:00 PM,17-236721,Western District,University Ave W & Vandalia St,5,Yes,30,County - State Aid Highway,Vehicle was NB Vandalia making left to WB University.  Pedestrian was crossing NB in W x-walk with walk light.  Driver did not see pedestrian.  Driver cited for FTY Pedestrian.,Yes,Driver,17,Female,St. Paul,55106,,,,,43,Male,Oakdale,55128,Yes,Suspected Minor Injury,Yes,,,,"(44.96080318, -93.18962376)",1,1,4
Pedestrian,Yes,09/13/2017 07:49:00 AM,17-216587,Eastern District,7th St E & Van Dyke St,2,No,30,Municipal State Aid,Pedestrian ran across the street northbound at 1863 E. 7th Street. Vehicle one struck the pedestrian with the left front part of the vehicle while traveling eastbound. The pedestrian went into the air and landed near a parked vehicle facing west on 7th Street.,No,None,7,Female,St. Paul,55119,,,,,,Unknown,Unknown,Unknown,Yes,Suspected Serious Injury,Yes,,,,"(44.96669837, -93.02156298)",1,14,2
Pedestrian,Yes,09/15/2017 10:12:00 AM,17-218522,Western District,University Ave W & Snelling Ave N,5,Yes,30,County - State Aid Highway,Pedestrian crossing SB in E x-walk on green with walk light.  Vehicle SB making left turn to EB University struck ped and fled scene.,No,None,19,Female,Forest Lake,55025,,,,,45,Male,Unknown,Unknown,No,None,No,,,,"(44.95566207, -93.16704028)",1,17,4
Bike,Yes,09/24/2017 11:48:00 AM,17-226327,Western District,Albert St & University Ave W,4,Stop Sign,30,County - State Aid Highway,Vehicle was NB Albert making right onto EB University.  Struck biker who was WB in the EB traffic lanes of University.,No,None,,,,,21,Female,St. Paul,55104,64,Female,St. Paul,55104,,,,Yes,Possible Injury,No,"(44.95555675, -93.15940531)",1,17,7
Bike,Yes,09/14/2017 04:00:00 PM,17-217892,Central District,Dale St N & Maryland Ave W,4,Yes,30,County - State Aid Highway,"Driver NB Dale at Maryland and failed to stop for red light, striking bike.  Driver cited.",Yes,Driver,,,,,60,Male,Minneapolis,55414,81,Male,Shoreview,55126,,,,Yes,Possible Injury,No,"(44.97750035, -93.12627824)",1,3,3
Pedestrian,Yes,09/25/2017 07:50:00 PM,17-227402,Western District,Snelling Ave N & St. Anthony Ave,8,Yes,30,State - Trunk Highway,Pedestrian crossing WB in S x-walk.  Vehicle was SB Snelling making right turn to WB St. Anthony and struck pedestrian.  Driver fled scene.,No,None,38,Female,Minneapolis,55403,,,,,,Unknown,Unknown,Unknown,Yes,Possible Injury,Yes,,,,"(44.95206603, -93.16727135)",1,17,4
Pedestrian,Yes,10/06/2017 04:55:00 PM,17-236509,Western District,University Ave W & Galtier St,4,Stop Sign,30,County - State Aid Highway,Vehicle (School Bus) NB Galtier making right turn to EB University and struck pedestrian.  Driver denied crash.  No injury.,No,None,23,Male,St. Paul,55101,,,,,27,Male,St. Paul,55104,No,None,No,,,,"(44.95556363, -93.11112852)",1,9,7
Bike,Yes,03/02/2018 06:35:00 PM,18-044007,Western District,Summit Ave & St. Albans,2,No,30,Municiapl State Aid,Driver SB St. Albans making left to EB Summit struck biker in bike lane.,Yes,Driver,,,,,69,Male,St. Paul,55103,22,Male,Woodbury,55125,,,,Yes,Possible Injury,No,"(44.94137136, -93.12878129)",1,9,7
Pedestrian,Yes,09/28/2017 03:42:00 PM,17-229943,Western District,University Ave W & Snelling Ave N,5,Yes,30,State - Trunk Highway,"Vehicle #1 was north on Snelling Ave and going to make a left turn onto west bound University. Vehicle #1 was in the
process of making her turn and didn't see the pedestrian crossing the roadway. Vehicle #1 struck the pedestrian. The
pedestrian was transported to U Of M Hospital with a minor injury to her knee.",No,None,29,Female,St. Paul,55104,,,,,54,Female,St. Paul,55104,Yes,Suspected Minor Injury,Yes,,,,"(44.95572642, -93.16733565)",1,4,4
Pedestrian,Yes,10/03/2017 07:16:00 PM,17-234142,Western District,Marshall Ave & Victoria St,2,Stop Sign,30,Municipal State Aid,"Driver  EB Marshall, making left to NB Victoria.  Ped was crossing WB in S x-walk.  Driver cited for FTY pedestrian.",Yes,Driver,34,Female,St. Paul,55104,,,,,63,Male,Maplewood,55119,Yes,Possible Injury,No,,,,"(44.94853645, -93.1364042)",1,9,7
Pedestrian,Yes,11/25/2018 04:30:00 PM,18-268534,Central District,George St W & Winslow,2,No,30,Municiapl State Aid,Juvenile male crossing George was struck by Hit & Run driver.  Limited information available.,No,None,9,Male,St. Paul,55107,,,,,,Unknown,Unknown,Unknown,Yes,Suspected Minor Injury,Yes,,,,"(44.92964678, -93.08824857)",1,7,5
Bike,Yes,09/23/2017 10:07:00 AM,17-225421,Western District,Dale St N & Summit Ave,2,Yes,30,County - State Aid Highway,"Vehicle WB Summit, making left to SB Dale on green light.  Biker EB Summit on green.  Driver turned into biker and then fled scene.  Police located driver at home.  Driver was impaired by alcohol and was arrested.",Yes,Driver,,,,,33,Male,St. Paul,55102,26,Male,St. Paul,55106,,,,Yes,Suspected Minor Injury,Yes,"(44.94136061, -93.12625019)",1,9,7
Bike,Yes,09/21/2017 04:15:00 PM,17-223746,Western District,University Ave W & Albert Street,4,Stop Sign,30,County - State Aid Highway,Biker NB Albert making right to EB University.  Biker WB on s sidewalk/x-walk and was struck by vehicle.  Vehicle fled scene.,No,None,,,,,50,Male,St. Paul,55104,,Unknown,Unknown,Unknown,,,,No,None,No,"(44.9555186, -93.15943204)",1,17,7
Pedestrian,Yes,09/08/2017 09:14:00 PM,17-213035,Western District,Cretin Ave N & Riverwood,4,No,30,Municipal State Aid,Driver SB Cretin.  Pedestrian crossed mid-block and was struck.,No,None,82,Male,Circle Pines,55014,,,,,21,Male,St. Paul,55104,Yes,Suspected Minor Injury,Yes,,,,"(44.9437205, -93.19252806)",1,17,4
Pedestrian,Yes,02/13/2018 03:27:00 PM,18-031315,Western District,Snelling Ave N & Spruce Tree,5,Yes,30,State - Trunk Highway,VEHICLE #1 WAS DRIVING WEST ON SPRUCE TREE MAKING LEFT TURN TO SOUTHBOUND SNELLING ON A GREEN LIGHT. PEDESTRIAN #2 WAS WALKING EAST IN SOUTH CROSSWALK. VEHICLE #1 STRUCK PEDESTRIAN. SPFD MEDIC TRANSPORTED PEDESTRIAN TO REGIONS HOSPITAL WITH POSSIBLE INJURIES. DRIVER #1 SAID HE DIDN'T SEE PEDESTRIAN IN CROSSWALK DUE TO SUN. DRIVER #1 WAS ISSUED CITATION #620906236166 FOR FAIL TO YIELD TO PEDESTRIAN IN CROSSWALK.,Yes,Driver,56,Male,St. Paul,55101,,,,,32,Male,Cottage Grove,55016,Yes,Suspected Minor Injury,Yes,,,,"(44.954783, -93.166921)",1,17,7
Bike,Yes,09/19/2017 04:20:00 PM,17-221836,Eastern District,Johnson Pkwy & Magnolia,2,No,30,City,"V1 turning left onto Magnolia Avenue from Johnson Parkway struck V2 crossing Magnolia Avenue E southbound on Johnson Parkway. V1 was cited for failure to yield, V2 was not transported by medics refused medical service.",Yes,Driver,,,,,76,Male,Maplewood,55119,56,Female,St. Paul,55106,,,,Yes,Suspected Minor Injury,No,"(44.97518155, -93.04590741)",1,13,1
Pedestrian,Yes,09/23/2017 09:27:00 PM,17-225974,Eastern District,Arcade St & Sims,3,No,30,County - State Aid Highway,"Driver NB Arcade, struck ped at Sims. This is being investigated as an aggravated assault with a  motor vehicle.",No,None,21,Male,St. Paul,55117,,,,,19,Female,St. Paul,55104,Yes,Suspected Minor Injury,Yes,,,,"(44.96935897, -93.06599888)",1,13,1
Bike,Yes,09/17/2017 09:16:00 PM,17-220518,Western District,Fairview Ave N & Marshall,2,Yes,30,County - State Aid Highway,Biker was SB Fairview crossing Marshall.  Vehicle was NB making left onto Fairview and struck biker.  Bike had no reflectors or lights.  Vehicle fled scene and did not stop.,No,None,,,,,26,Female,St. Paul,55117,,Unknown,Unknown,Unknown,,,,No,None,No,"(44.948406, -93.177168)",1,17,4
Pedestrian,Yes,09/27/2017 09:21:00 PM,17-229269,Central District,Robert St S & Fillmore Ave,4,Yes,30,State - Trunk Highway,"Driver was EB Fillmore, making left to NB Robert.  Pedestrian was crossing in N x-walk with walk sign.  Driver said he did not see the pedestrian.  Driver was impaired by alcohol and was arrested for Criminal Vehicular Operation.",Yes,Driver,51,Female,South St. Paul,55075,,,,,63,Male,"Greenville, SC",29609,Yes,Suspected Serious Injury,Yes,,,,"(44.94129028, -93.08514421)",1,7,5
Pedestrian,Yes,09/11/2017 07:23:00 PM,17-215333,Central District,7th St W & St. Clair,Private,No,10,Parking Lot,Driver struck pedestrian in parking lot of gas station.,No,None,58,Male,St. Paul,55102,,,,,65,Male,Farrington,55024,Yes,Suspected Minor Injury,Yes,,,,"(44.934036, -93.11772114)",1,11,5
Pedestrian,Yes,09/07/2017 03:58:00 PM,17-211878,Central District,George St W & Hall St,2,Stop Sign,30,Municipal State Aid,"Vehicle EB George passing by Hall. Juvenile ran across road failing to look for traffic after getting off an MTC bus. Juvenile
struck but not injured.",No,None,13,Male,St. Paul,55107,,,,,32,Female,St. Paul,55106,No,None,No,,,,"(44.92964978, -93.08668611)",1,7,5
Pedestrian,Yes,03/03/2018 02:34:00 PM,18-044549,Western District,Dale St N & University Ave W,4,Yes,30,County - State Aid Highway,Witnesses and driver stated 13 y/o ran into street and was struck by vehicle,No,None,13,Male,St. Paul,55104,,,,,56,Male,St. Paul,55119,Yes,Possible Injury,No,,,,"(44.95559333, -93.12635765)",1,9,7
Pedestrian,Yes,02/17/2018 06:17:00 PM,18-034637,Western District,Marion St & Ravoux St,4,No,30,County - State Aid Highway,"Witness vehicle #1 was SB on Marion in left (inside) lane, and stopped for pedestrian in crosswalk.  Pedestrian was crossing in marked crosswalk.  Suspect driver #2 SB marion in right (outside) lane failed to stop, passing the stopped car and striking the pedestrian.  Striking vehicle fled, but was later located by police. Driver was imparied and was arrested, .14 BAC.",Yes,Driver,63,Male,St. Paul,55103,,,,,53,Male,Minneapolis,55412,Yes,Suspected Minor Injury,Yes,,,,"(44.95222711, -93.10995817)",1,9,7
Pedestrian,Yes,12/14/2018 07:38:00 AM,18-283551,Eastern District,Atlantic & Ross,2,No,30,City,safe routes to school.  Ped struck while crossing street to get to bus.  Hit and run.,No,None,7,Male,St. Paul,55106,,,,,,Unknown,Unknown,Unknown,No,None,No,,,,"(44.96625081, -93.05090601)",1,15,1
Pedestrian,Yes,11/09/2018 02:10:00 AM,18-410074,State Patrol,I94 & John Ireleand,6,No,55,State - Trunk Highway,"Driver crashed on freeway, exited vehicle to check damage and was struck by another driver who lost control on icy surface of roadway.",Yes,Driver,25,Male,Woodbury,55125,,,,,27,Female,St. Paul,55104,Yes,Possible Injury,No,,,,"(44.94994152, -93.10303761)",1,12,5
Pedestrian,Yes,10/13/2018 09:55:00 PM,18-235916,Western District,Snelling Ave N & Laurel,4,No,30,State - Trunk Highway,Pedestrian was crossing EB in a marked crosswalk.  Driver was NB Snelling and struck the pedestrian.  Driver cited for failure to yield to pedestrian in a crosalk.  Significant injuries.,Yes,Driver,47,Female,St. Paul,55104,,,,,76,Male,Oakdale,55125,Yes,Suspected Serious Injury,Yes,,,,"(44.94502794, -93.16699602)",1,17,7
Ped2,,05/18/2018 05:45:01 PM,18-105349,,,,,,,2nd pedestrian from this crash,,,6,Female,Ferndale (WA),98248,,,,,,,,,No,None,No,,,,"(44.92304176, -93.14444931)",1,11,5
Pedestrian,Yes,12/20/2016 05:16:00 PM,16-259930,Western District,Blair Ave & St. Albans,2,No,30,City Street,"School bus dropped off a 12-year-old boy near here without deploying its stop arm.  The boy crossed the street in front of the bus without looking and was side-swiped by a car causing an ankle injury for which he was transported to the hospital.  The injury appeared minor.  Photographs taken, medical release signed.",No,None,12,Male,St. Paul,55104,,,,,32,Female,St. Paul,55104,Yes,Possible Injury,Yes,,,,"(44.961152, -93.128915)",1,10,7
Pedestrian,Yes,12/27/2016 05:56:00 AM,16-263944,Western District,Marshall Ave & Victoria St,2,No,30,Municipal Aid Street,"Vehicle NB Victoria, made left onto WB Marshall.  Pedestrian was outside of a parked vehicle just west of intersection with door open.  Vehicle1 struck pedestrian and also open car door, then fled the scene.  Police located driver.",Yes,Driver,23,Male,St. Paul,55104,,,,,37,Male,St. Paul,55104,Yes,Suspected Minor Injury,Yes,,,,"(44.948723, -93.137098)",1,9,7
Pedestrian,Yes,12/21/2016 04:32:00 PM,16-260496,Eastern District,White Bear Ave N & Maryland Ave E,4,Yes,30,County - State Aid Highway,"Vehicle was SB on White Bear, making right turn onto WB Maryland with green light.  Pedestrian was walking SB in W crosswalk.  Vehicle failed to yield right of way.  Driver was cited.",Yes,Driver,57,Male,St. Paul,55106,,,,,23,Male,St. Paul,55106,No,None,No,,,,"(44.977511, -93.025303)",1,14,1
Pedestrian,Yes,01/04/2017 10:32:00 PM,17-002785,Western District,Dale St N & St. Anthony Ave,5,Yes,30,County - State Aid Highway,"Vehicle was NB Dale, making left turn on green light to St Anthony.  Ped was SB in W crosswalk with walk signal.  Vehicle struck ped.  Driver cited for failure to yield right of way.",Yes,Driver,36,Female,St. Paul,55102,,,,,32,Male,Roseville,55113,No,None,No,,,,"(44.952123, -93.12633)",1,9,7
Pedestrian,Yes,01/09/2017 07:04:00 AM,17-005654,Central District,Rice St & Arlington Ave W,4,Yes,30,County - State Aid Highway,"Pedestrian was walking WB in the N crosswalk.  Vehicle was EB, making a left turn to NB Rice and struck pedestrian.  Driver said he was blinded by another vehicle's high beams and unable to see the pedestrian.  Driver cited for Fail to Yield to pedestrian in crosswalk.  ** Note: Victim was walking her younger sister to school (SRTS).",Yes,Driver,18,Female,St. Paul,55117,,,,,20,Male,New Brighton,55112,Yes,Possible Injury,Yes,,,,"(44.984586, -93.105864)",1,3,3
Pedestrian,No,01/02/2017 07:06:00 PM,17-001113,Eastern District,White Bear Ave N & Minnehaha Ave E,4,Yes,30,County - State Aid Highway,"Unknown - no report.  Comments state the pedestrian was grazed by vehicle, no injuries.",No,None,,Female,St. Paul,55106,,,,,,Unknown,Unknown,Unknown,No,None,No,,,,"(44.963083, -93.025319)",1,14,2
Ped2,,10/30/2017 06:36:01 PM,17-254701,,,,,,,Ped 2 for above crash,,,2,Male,St. Paul,55119,,,,,,,,,Yes,Possible Injury,No,,,,,1,,
Pedestrian,Yes,11/06/2017 12:41:00 PM,17-259666,Central District,Rice St & Sherburne,4,No,30,County - State Aid Highway,Pedestrian crossing in marked crosswalk.  Vehicle was SB Rice and struck pedestrian.,Yes,Driver,56,Female,St. Paul,55103,,,,,41,Female,St. Paul,55106,Yes,Possible Injury,Yes,,,,"(44.95684246, -93.10600533)",1,10,7
Ped2,,05/05/2018 04:34:01 PM,18-093839,,Jefferson & Edgcumbe Rd,,,,,2nd pedestrian from this crash,,,3,Female,St. Paul,55104,,,,,,,,,Yes,Possible Injury,Yes,,,,"(44.93042752, -93.14985363)",1,5,6
Pedestrian,Yes,01/14/2017 12:54:00 PM,17-009537,Western District,Victoria St S & Grand Ave,3,Yes,30,Munincipal State Aid,"Pedestrian was crossing SB in W crosswalk at Grand & Victoria, with walk sign and green light. Vehicle SB Victoria making right turn onto WB Grand . Driver stated she ""looked down for just a second"" and did not see the pedestrian when turning.  Ped transported to Regions by ambulance.",Yes,Driver,58,Female,Eagan,55123,,,,,22,Female,Duluth,55807,Yes,Possible Injury,Yes,,,,"(44.939959, -93.13642)",1,8,5
Bike,Yes,09/06/2018 06:55:00 PM,18-204590,Eastern District,Johnson Pkwy & Phalen Blvd,2,No,30,County - State Aid Highway,"Driver was WB Phalen, making right turn to NB Johnson and struck biker.",Yes,Driver,,,,,33,Female,Maplewood,55109,24,Male,White,55110,,,,No,None,No,"(44.97475074, -93.00451689)",1,,
Pedestrian,Yes,11/26/2018 05:40:00 PM,18-269468,Western District,St. Anthony Ave W & Lexington Pkwy N,3,Yes,30,Municiapl State Aid,"Driver was WB St. Anthony, making a right to NB Lex and struck pedestrian.  Driver cited for FTY Ped.",Yes,Driver,45,Female,St. Paul,55104,,,,,65,Female,St. Paul,55130,Yes,Suspected Minor Injury,Yes,,,,"(44.95208951, -93.14647862)",1,9,7
Pedestrian,Yes,12/06/2018 04:38:00 PM,18-277513,Central District,State St & Cesar Chavez St,2,No,30,Municiapl State Aid,"Driver failed to yield to pedestrian crossing the street in marked crosswalk with right of way.  Hit & Run, investigators located the driver and citations were issued.",Yes,Driver,70,Male,St. Paul,55106,,,,,19,Male,Fridley,55432,Yes,Suspected Minor Injury,No,,,,"(44.92983227, -93.0780367)",1,7,5
Pedestrian,Yes,10/26/2018 07:45:00 PM,18-245875,Western District,Lexington Pkwy N & Central Ave W,2,No,30,County - State Aid Highway,Vehicle was SB on Lexington Pkwy when it struck a Pedestrian and fled the scene.  Only information was a White Ford Taurus.,No,None,30,Male,Minneapolis,55458,,,,,,Unknown,Unknown,Unknown,Yes,Suspected Minor Injury,Yes,,,,"(44.95297554, -93.14687668)",1,17,7
Pedestrian,Yes,10/16/2018 04:50:00 PM,18-237895,Central District,Maryland Ave W & Norton St,2,No,30,County - State Aid Highway,"School bus with stop arm out was waiting for child to cross.  Driver was WB Maryland and failed to stop, striking the child.  Driver cited for multiple violations.",Yes,Driver,5,Male,St. Paul,55117,,,,,39,Male,St. Paul,55117,Yes,Suspected Minor Injury,Yes,,,,"(44.97745778, -93.11999293)",1,3,3
Pedestrian,Yes,12/15/2018 12:15:00 PM,18-284369,Central District,7 St E & Wall St,2,No,30,State - Trunk Highway,"Ped crosssing WB 7th at Wall.  Black jeep ran red light and struck ped, then fled.",No,None,53,Male,North St. Paul,55109,,,,,,Unknown,Unknown,Unknown,Yes,Possible Injury,Yes,,,,"(44.95149019, -93.08748038)",1,12,5
Pedestrian,Yes,02/03/2017 07:04:00 AM,17-024136,Eastern District,Hawthorne Ave E & Ivy,2,No,30,City,"Driver of vehicle #1 was traveling westbound on Ivy Ave approaching Hawthorne Ave. The driver said she made a left turn onto Hawthorne Ave. She said as she made the turn she became aware of a pedestrian crossing the street on the driver side of her vehicle. She said she tried to hit the brake pedal and accidentally bumped the accelerator. Driver #1 said her
driver side mirror made contact with the pedestrian as she passed him. Driver #1 stopped to check on the pedestrian and then called police. The driver estimated she was going about 5mph at the time of the contact. There was no damage to the vehicle.  Minor injury to pedestrian. (SRTS)",No,None,16,Male,St. Paul,55119,,,,,57,Female,St. Paul,55119,No,None,No,,,,"(44.981141, -93.007001)",1,14,1
Bike,Yes,12/05/2018 05:35:00 PM,18-276732,Western District,Dale St N & Minnehaha Ave W,2,No,30,County - State Aid Highway,"Unit # 1 crossed the road way when unit #2 was riding his bicycle east bound on Minnehaha Ave approaching Dale St N, when Unit #1 made contact with rear bicycle tire and then fled.  Hit & Run.",No,None,,,,,39,Male,St. Paul,55103,,,,,,,,No,None,No,"(44.96303838, -93.1267229)",1,10,7
Pedestrian,Yes,10/28/2018 07:42:00 PM,18-247253,Central District,Smith Ave S & Baker St W,2,No,30,City,Vehicle was SB on Smith.  11 y/o pedestrian ran across (darted) street and was struck.  No injury.,No,None,11,Female,St. Paul,55107,,,,,76,Male,"Marietta, GA",30068,Yes,Suspected Minor Injury,No,,,,"(44.92660179, -93.10191088)",1,7,5
Pedestrian,Yes,12/27/2018 08:30:00 PM,18-293063,Western District,Snelling Ave N & University Ave W,4,Yes,30,State - Trunk Highway,"Unit 1 was stopped at a solid green light in the southbound lanes of Snelling Ave N at the intersection of University Ave W. Unit 1 made a left hand turn onto eastbound University Ave W when she collided with the pedestrian. The pedestrian attempted to walk from the median light rail platform to the south sidewalk on University Ave W. After the collision, the pedestrian fell to the ground which caused pain to the right side of his mid section. Unit 1 advised her vehicle had two small children inside the vehicle and one of the children did not have a seat belt on which caused her to bump her mouth which caused slight bleeding. The driver of Unit 1 stayed on scene but the vehicle did not as another passenger drove the vehicle away from the scene.Metro Transit PD and SPFD Medic #14 arrived on scene. The pedestrian was transported to Regions Hospital due to complaint of the pain to the right side of his midsection. The driver of Unit 1 was cited for Driving After Revocation, NO Insurance-Driver and Failed to Yield to Pedestrian in Crosswalk. Nothing further.",Yes,Driver,36,Male,Chaska,55318,,,,,42,Female,St. Paul,55117,Yes,Suspected Minor Injury,Yes,,,,"(44.95553662, -93.16682523)",1,17,7