Crash Type,Report Made?,Date / Time,Case Number,District,Crash Location,Lanes Of Traffic,Signal Present?,Speed Limit Of Road (MPH),Road Type,Synopsis,Ticket/Arrest?,Citation To,Pedestrian Age,Pedestrian Gender,Pedestrian City Of Residence,Pedestrian Zip Code,Biker Age,Biker Gender,Biker City of Residence,Biker Zip Code,Driver Age,Driver Gender,Driver City Of Residence,Driver Zip Code,Injury to Pedestrian?,Level of Injury to Pedestrian,Pedestrian to Hospital?,Injury to Biker?,Level of Injury to Biker,Biker to Hospital?,Crash Lat/Long Location,Count,District Council - Map,Council Ward
Bike,Yes,05/29/2018 02:44:00 PM,18-114809,Western District,University Ave W & Chatsworth St N,4,Yes,30,County - State Aid Highway,"Vehicle was WB University with green light.  2 boys were crossing University against the light, and said they did not see any traffic.  Vehicle swerved to avoid bikers and went onto sidewalk, striking a pole.  No injuries.",No,None,,,,,14,Male,St. Paul,55106,42,Female,Eagan,55121,,,,No,None,No,"(44.95581842, -93.14157386)",1,10,7
Bike,Yes,05/29/2018 08:26:00 PM,18-115089,Western District,Snelling Ave N & Como Ave,4,Stop Sign,30,County - State Aid Highway,"Driver was WB Como, making left onto SB Snelling.  Bike was EB Como, going straight through intersection.  Stop sign for both.  Biker did not have a headlight and it was dark.  Biker road into side of vehicle.",No,None,,,,,23,Male,Minneapolis,55414,19,Male,St. Paul,55117,,,,Yes,Suspected Minor Injury,Yes,"(44.977037, -93.167661)",1,2,4
Pedestrian,Yes,11/03/2018 02:05:00 PM,18-251997,Western District,Hamline Ave N & University Ave W,2,Yes,30,Municiapl State Aid,"Driver was EB University, turning to SB Hamline and struck pedestrian that was walking EB in crosswalk.  Driver cited for FTY ped.",Yes,Driver,40,Female,Minneapolis,55403,,,,,66,Female,St. Paul,55119,Yes,Suspected Minor Injury,Yes,,,,"(44.95543622, -93.15700322)",1,17,7
Pedestrian,Yes,11/05/2018 06:54:00 PM,18-253785,Western District,Selby Ave & Snelling Ave N,4,Yes,30,State - Trunk Highway,Pedestrian crossing Snelling in N crosswalk WB and was struck by turning vehicle that then fled scene.  Driver was identified by investigator and cited later.,Yes,Driver,57,Male,St. Paul,55105,,,,,28,Female,Minneapolis,55404,Yes,Suspected Serious Injury,Yes,,,,"(44.9465999, -93.16700729)",1,17,4
Pedestrian,Yes,12/21/2018 09:20:00 PM,18-289523,Central District,7 St W & Webster St,Parking Lot,No,10,Private,Unit 1 was pulling into the parking lot of the pedestrian&#39;s apartment complex while pedestrian was standing outside smoking and almost hit him. Pedestrian walked up to the vehicle to take a photo of the license plate and the driver drove forward striking the pedestrian&#39;s right leg.,No,None,42,Male,St. Paul,55102,,,,,37,Male,Savage,55378,Yes,Possible Injury,No,,,,"(44.92932223, -93.12440573)",1,11,5
Pedestrian,Yes,12/20/2018 02:14:00 PM,18-288375,Eastern District,White Bear Ave N & Margaret St,4,Yes,30,County - State Aid Highway,"Vehicle #1 was N/B on White Bear Ave, approaching Margaret, and did not stop for the pedestrian in the marked crosswalk.  Vehicle #1 hit the pedestrian, causing injuries.  The pedestrian was transported to an area hospital via medics.",Yes,Driver,14,Female,St. Paul,55119,,,,,69,Female,St. Paul,55106,Yes,Suspected Minor Injury,Yes,,,,"(44.9612195, -93.02532495)",1,16,2
Pedestrian,Yes,12/20/2018 06:23:00 PM,18-288590,Central District,Maryland Ave W & Dale St,Parking Lot,No,10,Private,"Veh 1 was driving through the parking lot and came to a stop. The pedestrian crossed behind the vehicle when the vehicle began to reverse, causing the rear bumper to strike the pedestrian on the left hip area.",No,None,60,Female,St. Paul,55119,,,,,85,Female,St. Paul,55104,No,None,No,,,,"(44.97754118, -93.12657028)",1,2,3
Pedestrian,Yes,10/21/2018 05:03:00 PM,18-241730,Central District,Rice St & Front Ave,2,No,30,Municiapl State Aid,Vehicle was travelling legally on Front Ave going West bound. Unit 1 (pedestrian) who was running across Front Ave against traffic. Unit 1 was not inside the crosswalk.Unit 1 was later transported to Regions Hospital fro further medical evaluation.,No,None,36,Male,St. Paul,55117,,,,,33,Male,St. Paul,55117,Yes,Possible Injury,Yes,,,,"(44.97024257, -93.10639237)",1,3,3
Pedestrian,Yes,11/01/2018 02:16:00 PM,18-250327,Western District,Lexington Pkwy N & Central Ave W,2,No,30,County - State Aid Highway,"Pedestrians were crossing WB in N crosswalk and were struck by vehicle at low speed.  Driver fled, but investigation located driver.",Yes,Driver,17,Male,St. Paul,55104,,,,,35,Female,St. Paul,55104,Yes,Suspected Minor Injury,No,,,,"(44.95304929, -93.14683997)",1,17,7
Pedestrian,Yes,12/10/2018 08:35:00 AM,18-280022,Eastern District,White Bear Ave & Case Ave,2,Yes,30,County - State Aid Highway,"Vehicle was WB Case and turning left to SB White Bear, striking ped who was crossing street in crosswalk.",Yes,Driver,71,Male,St. Paul,55106,,,,,48,Male,St. Paul,55117,Yes,Suspected Minor Injury,Yes,,,,"(44.97036553, -93.02532898)",1,14,1
Pedestrian,Yes,12/27/2018 07:50:00 PM,18-293041,Central District,10 St E & Wabasha St,2,Yes,30,Municiapl State Aid,DRIVER OF VEHICLE STATED HE WAS N/B WABASHA AND WAS TURNING LEFT ONTO W/B 10TH STREET. DRIVER STATED HE DID NOT SEE THE PEDESTRIAN IN THE CROSSWALK DUE TO THE RAIN AND LIGHTING CONDITIONS UNTIL HE HAD STRUCK HIM WITH HIS VEHICLE. NO DAMAGE TO VEHICLE. CITATION ISSUED TO GORDON.PEDESTRIAN STATED HE WAS WALKING N/B WABASHA AND CROSSING 10TH STREET IN THE CROSSWALK WHEN HE WAS STRUCK BY UNIT 1. PEDESTRIAN COMPLAINED OF LEFT LEG AND KNEE PAIN. NO VISIBLE INJURIES. PEDESTRIAN WAS TRANSPORTED TO THE HOSPITAL.,Yes,Driver,32,Male,St. Paul,55101,,,,,46,Male,St. Paul,55104,Yes,Suspected Minor Injury,Yes,,,,"(44.94984252, -93.09853295)",1,12,5
Pedestrian,Yes,12/07/2018 03:54:00 PM,18-278324,Western District,Summit Ave & Chatsworth,2,No,30,Municiapl State Aid,Unit 1 driver pulled over on the north end of Summit/Chatsworth to deliver a package. Unit 1 driver failed to put the vehicle in park and as the driver got out of the vehicle his own vehicle hit him.,No,None,34,Male,St. Paul,55104,,,,,34,Male,St. Paul,55104,Yes,Suspected Minor Injury,Yes,,,,"(44.94141386, -93.14118969)",1,9,7
Pedestrian,Yes,11/15/2018 09:26:00 PM,18-261437,Western District,Snelling Ave S & Grand Ave,4,Yes,30,State - Trunk Highway,Driver was WB Grand making right to NB Snelling and struck 2 peds who were in crosswalk.  Driver cited for FTY Ped.,Yes,Driver,20,Female,St. Paul,55103,,,,,60,Male,North St. Paul,55109,No,None,No,,,,"(44.94015962, -93.16695508)",1,5,6
Pedestrian,Yes,12/15/2018 10:44:00 PM,18-284817,Western District,Griggs & Concordia,2,No,30,Municiapl State Aid,Unit 1 struck pedestrian in marked crosswalk. Pedestrian was transported to regions. Driver of unit 1 was cited and released.,Yes,Driver,35,Male,St. Paul,55104,,,,,38,Female,St. Paul,55103,Yes,Suspected Minor Injury,Yes,,,,"(44.9511324, -93.15166852)",1,17,7
Bike,Yes,10/15/2018 07:22:00 PM,18-237221,Central District,Maryland Ave E & Sylvan,4,Yes,30,County - State Aid Highway,"Driver was WB Maryland, making a right turn to NB Sylvan.  Bike was EB on N sidewalk and was struck by vehicle.  Driver cited.",Yes,Driver,,,,,16,Male,Little Canada,55117,53,Male,St. Paul,55117,,,,Yes,Suspected Minor Injury,No,"(44.9774406, -93.10140905)",1,3,3
Ped2,,11/15/2018 09:26:01 PM,18-261437,,,,,,,statistics for pedestrian #2 of this crash: 18-261437,,,20,Female,St. Paul,55103,,,,,,,,,No,None,No,,,,,1,,
Bike,Yes,07/02/2017 04:48:00 PM,17-151662,Central District,Rice St & Ivy,4,Stop Sign,30,County - State Aid,"Driver was WB Ivy, making right turn to SB Rice.  Biker was riding NB on W sidewalk and was struck.  No citations.",No,None,,,,,39,Female,St. Paul,55117,21,Male,Minneapolis,55411,,,,Yes,Suspected Minor Injury,Yes,"(44.980986, -93.105893)",1,3,3
Pedestrian,Yes,06/11/2018 10:36:00 PM,18-126670,Central District,Jackson St N & Lawson Ave E,2,No,30,County - State Aid Highway,"On 06/11/2018 at approximately 2230 hours Unit #1 was travelling Southbound on Jackson St and while turning Eastbound on Lawson St struck a pedestrian. Paramedics arrived on scene and evaluated the pedestrian, but did not transport him to the hospital.  DARIANA AMELIA REYNOLDS (F,18YOA, cited, failure to yield to pedestrian in crosswalk).",Yes,Driver,38,Male,St. Paul,55130,,,,,18,Female,Inver Grove Heights,55077,Yes,Possible Injury,No,,,,"(44.97201891, -93.09641005)",1,3,3
Bike,Yes,06/20/2018 04:45:00 PM,18-134249,Eastern District,Arlington Ave E & White Bear Ave,2,Yes,30,County - State Aid Highway,"Driver was driving EB on E Arlington Ave. Driver had the green light to cross White Bear Ave. While driver was crossing the intersection, biker ignored the pedestrian light and rode his bicycle in the crosswalk heading SB on White Bear Ave crossing Arlington Ave. Driver tried to miss biker but his front bumper hit the rear tire of biker.  The bicyclist fell to the ground and received scratch marks on his left knee and left lower leg. The bicyclist and his mother declined medics. Minor injury. No citations issued.",No,None,,,,,14,Male,St. Paul,55106,21,Male,St. Paul,55119,,,,Yes,Suspected Minor Injury,No,"(44.98472289, -93.02522119)",1,14,1
Bike,Yes,07/06/2017 09:51:00 AM,17-155173,Western District,Grand Ave & Fairview,3,Yes,30,Municipal State Aid,Driver was EB Grand making left to NB Fairview.  Biker was WB Grand in n x-walk.  Driver struck biker.  Driver cited.,Yes,Driver,,,,,9,Female,St. Paul,55104,71,Female,St. Paul,55105,,,,Yes,Suspected Minor Injury,No,"(44.940095, -93.177192)",1,5,6
Bike,Yes,06/14/2018 07:30:00 AM,18-128618,Central District,Grand Ave & Ramsey St,3,Yes,30,Municiapl State Aid,Driver was WB Ramsey with green light.  Biker entered intersection against red light (confirmed by witness).,No,None,,,,,48,Male,St. Paul,55117,37,Female,Minnetonka,55305,,,,Yes,Suspected Serious Injury,Yes,"(44.94123253, -93.11609101)",1,8,5
Bike,Yes,07/15/2017 09:13:00 AM,17-163799,Eastern District,White Bear Ave N & Suburban,4,Yes,30,County - State Aid,"Driver was turning left, SB, onto White Bear from WB Suburban.  Biker was EB in S X-Walk.  Driver struck biker.  Driver cited.",Yes,Driver,,,,,46,Male,Minneapolis,55401,70,Female,St. Paul,55119,,,,Yes,Possible Injury,Yes,"(44.949291, -93.025483)",1,16,2
Pedestrian,Yes,09/24/2018 03:15:00 PM,18-219808,Eastern District,Jenks Ave & Desoto,2,No,30,City,"Pedestrian jumped out of a moving vehicle, causing his leg to get run over.",No,None,13,Female,St. Paul,55106,,,,,23,Male,St. Paul,55106,Yes,Suspected Minor Injury,Yes,,,,"(44.97107315, -93.08107464)",1,13,3
Bike,Yes,06/09/2017 11:55:00 PM,17-132465,Central District,Rice & Lyton,4,No,30,County - State Aid Highway,Biker was riding NB on Rice Street near Lyton when struck by an unknown vehicle.  Vehicle fled.,No,None,,,,,24,Female,Minneapolis,55421,,Unknown,Unknown,Unknown,,,,Yes,Possible Injury,Yes,"(44.96555566, -93.10593414)",1,3,7
Bike,Yes,06/17/2017 01:16:00 PM,17-138451,Central District,Woodbridge & Arlington Ave W,4,No,30,City,"Bike and Vehicle were EB Larpenteur.  Driver left roadway and entered bike lane, striking the biker.  Driver then fled.  Investigation continues, police have identified a suspect.",No,None,,,,,27,Male,Roseville,55113,,Unknown,Unknown,Unknown,,,,Yes,Suspected Minor Injury,Yes,"(44.98460777, -93.10816412)",1,3,3
Pedestrian,Yes,08/24/2017 02:37:00 PM,17-199486,Central District,Elfelt St & Lafond,2,No,30,City,Driver WB Lafond to SB Elfelt.  Pedestrian darted into traffic and was struck.,No,None,11,Male,St. Paul,55103,,,,,26,Male,St. Paul,55106,Yes,Suspected Minor Injury,Yes,,,,"(44.96035794, -93.11210786)",1,10,7
Pedestrian,Yes,09/27/2018 10:10:00 AM,18-222449,Western District,University Ave W & Fairview,4,Yes,30,County - State Aid Highway,"Driver was SB on Fairview, turning right onto WB University.  Pedestrian was crossing University against the signal and was struck.    Pedestrian was cited.",Yes,Pedestrian,60,Female,St. Paul,55102,,,,,54,Male,Oak Grove,55011,Yes,Suspected Serious Injury,Yes,,,,"(44.95607176, -93.17718739)",1,4,4
Pedestrian,Yes,06/15/2018 09:30:00 PM,18-130122,Central District,Rice St & Como Ave,3,Yes,30,County - State Aid Highway,"Investigation continues.  Driver was NB Rice, making left onto Como.  Pedestrian may have been west of crosswalk when struck.",No,None,55,Male,Harris,55032,,,,,48,Female,St. Paul,55117,Yes,FATAL,Yes,,,,"(44.95900931, -93.10603121)",1,10,7
Ped2,,06/18/2018 11:55:01 PM,18-132780,,,,,,,2nd pedestrian from this crash,,,53,Female,St. Paul,55106,,,,,,,,,No,None,No,,,,,1,,
Bike,Yes,06/18/2018 07:36:00 PM,18-132603,Western District,Concordia Ave & Griggs,2,RRFB,30,Municiapl State Aid,"Biker was SB on walking bridge, crossing concordia.  Drier was EB Concordia.  Investigation is on-going.",No,None,,,,,29,Female,Minneapolis,55408,44,Male,St. Paul,55104,,,,Yes,Suspected Serious Injury,Yes,"(44.95112284, -93.15169859)",1,17,7
Pedestrian,Yes,06/20/2018 03:31:00 PM,18-134159,Central District,Jackson St & Rose,2,No,30,County - State Aid Highway,"Driver was NB on Jackson.  Pedestrian was crossing jackson in crosswalk at Rose after exiting a city bus.  The driver backed up in traffic, strking the pedestrian and then fleeing the scene.  Good suspect information, including plate.",No,None,25,Female,St. Paul,55117,,,,,,Female,Unknown,Unknown,No,None,No,,,,"(44.9764604, -93.09645776)",1,3,3
Pedestrian,Yes,06/14/2018 08:05:00 PM,18-129216,Western District,Selby Ave & Arundle,2,No,30,Municiapl State Aid,"Intoxicated male holding onto the side of a vehicle as it drove, fell off and was injured.",No,None,26,Male,St. Paul,55103,,,,,23,Female,Minneapolis,55411,Yes,Suspected Minor Injury,Yes,,,,"(44.9466158, -93.12028082)",1,9,7
Pedestrian,Yes,06/23/2018 10:36:00 AM,18-137054,Central District,4 St E & Sibley St,Parking Lot,No,10,Private,"Vehicle was driving in the parking turn around area of Union Depot to set up for an event.  Driver backed into pedestrian, slow speed, minor injury.",No,None,34,Male,St. Paul,55101,,,,,61,Male,Orono,55364,Yes,Possible Injury,No,,,,"(44.947935, -93.087366)",1,12,5
Bike,Yes,06/23/2018 05:03:00 PM,18-137323,Western District,Como Ave & Winston,4,No,30,County - State Aid Highway,"Biker traveled east on como/Winston. Driver attempted to turn left (south) onto Winston from westbound como. They collided. driver stated they did not see biker. issued driver a citation for FTY-LEFT TURN (620905054254).
Biker complained of minor back pain and was seen by st. paul medics (run#: 22561)",Yes,Driver,,,,,18,Female,Hugo,55038,63,Male,Roseville,55113,,,,Yes,Possible Injury,No,"(44.9772932, -93.16952755)",1,,
Bike,Yes,06/11/2018 06:54:00 PM,18-126488,Eastern District,Forest St N & Rose Ave E,2,Stop Sign,30,City,"Vehicle was WB Rose, stopped for stop sign then started to cross Forest.  Bike was SB on Forest (E sidewalk) and entered intersection as car started to drive.",No,None,,,,,12,Male,St. Paul,55106,38,Female,St. Paul,55106,,,,No,None,No,"(44.97658281, -93.0609284)",1,13,1
Pedestrian,Yes,06/13/2018 07:10:00 PM,18-128994,Eastern District,Nokomis Ave & Bush Ave,2,No,30,City,"On 6/13/18 at 1910 hours, Unit #1 was involved in a hit and run accident with a pedestrian resulting in the pedestrian suffering significant injuries and being transported to the hospital via ambulance. The driver of Unit #1 backed Unit #1 up traveling north on Bush Ave E and then drove west on Nokomis Ave both maneuvers involved striking the victim and running her over. Unit #1 fled the scene prior to police arriving. Unit #1 was described by witnesses as a gold colored older model possibly Chevy sedan with the last three license plate digits being ""TRA""",No,None,25,Female,St. Paul,55106,,,,,,Unknown,Unknown,Unknown,Yes,Suspected Serious Injury,Yes,,,,"(44.96623, -93.018017)",1,14,2
Pedestrian,Yes,06/21/2018 03:31:00 PM,18-135282,Central District,Kellogg Bd E & Robert St N,6,Yes,30,State - Trunk Highway,"Vehicle was NB Robert and made a left turn to WB Kellogg on a green arrow (according to driver).  Pedestrian was crossing Kellogg on the green arrow, but stopped at median until walk sign appeared, then continued.  Driver stated she did not know she hit a pedestrian.  Investigation revealed more information and driver was cited.",Yes,Driver,58,Female,Maplewood,55109,,,,,26,Female,Minneapolis,55412,Yes,Possible Injury,No,,,,"(44.94580099, -93.08940356)",1,12,5
Bike,Yes,05/14/2017 03:00:00 PM,17-107971,Central District,Maryland Ave E & I35E,7,Traffic Signal,30,County - State Aid Highway,"Bike was EB Maryland crossing on ramp for SB 35E in crosswalk.  Driver was WB Maryland making a left turn onto SB I35E, striking pedestrian.  Witnessed by SPPD Reserve Officer.  No Injuries to biker.  Driver cited for failure to yield right of way and driving on a revoked license.",Yes,Driver,,,,,31,Male,St. Paul,55106,44,Female,St. Paul,55106,,,,No,None,No,"(44.977046, -93.088764)",1,3,3
Pedestrian,Yes,01/22/2016 11:49:00 AM,16-013803,Western District,Grand Ave & Grotto,,,,,,Yes,Driver,70,Female,St. Paul,55105,,,,,28,Male,Eagan,55122,Yes,Suspected Minor Injury,No,,,,"(44.9399279, -93.1315995)",1,8,5
Pedestrian,Yes,02/04/2017 12:44:00 PM,17-025118,Western District,Highland Pkwy & Snelling Ave S,4,Yes,30,County - State Aid Highway,"Vehicle was WB Highland Pkwy, making left turn onto SB Snelling.  Pedestrian was crossing legally in the crosswalk when struck by the vehicle.  Driver stated he did not see the pedestrian.  Driver cited for failure to yield to pedestrian in the crosswalk.  Pedestrian was evaluated by medics, but not transported.",Yes,Driver,15,Female,St. Paul,55116,,,,,43,Male,St. Paul,55101,Yes,Possible Injury,No,,,,"(44.94160712, -93.10384439)",1,11,5
Bike,No,01/28/2016 06:34:00 PM,16-018139,Western District,Summit Ave & Ramsey St,,,,,,No,,,,,,26,Male,St. Paul,55116,55,Male,Unknown,Unknown,,,,No,None,No,"(44.9414076, -93.1179232)",1,9,7
Pedestrian,Yes,11/01/2016 06:47:00 PM,16-225409,Central District,11th Street & Jackson Street,6,Yes,30,Municipal Aid Street,"Ped crossing against signal and was struck be vehicle.  Driver stopped to check, but then left scene without providing any information.",No,None,30,Male,St. Paul,55119,,,,,,Unknown,Unknown,Unknown,Yes,Suspected Minor Injury,Yes,,,,"(44.95288559, -93.09388244)",1,12,5
Pedestrian,Yes,10/27/2016 07:05:00 AM,16-221066,Western District,Chatsworth St N & Selby Ave,2,No,30,County - State Aid Highway,"Pedestrian was crossing Selby near Chatsworth.  Conflicting story about whether pedestrian was in the crosswalk, independent witness did not see pedestrian in crosswalk.",No,None,15,Male,St. Paul,55104,,,,,60,Female,St. Paul,55104,Yes,Possible Injury,Yes,,,,"(44.94677385, -93.14143927)",1,9,7
Pedestrian,Yes,09/03/2017 02:33:00 PM,17-208422,Western District,Lexington Pkwy N & Fuller Ave,Private,No,10,Parking Lot,"Driver SB in parking lot of DQ.  Pedestrian was riding on top of hood.  Vehicle stopped, causing pedestrian to fall off hood.  Vehicle fled.",No,None,12,Male,St. Paul,55104,,,,,,Unknown,Unknown,Unknown,Yes,Possible Injury,Yes,,,,"(44.953931, -93.146538)",1,9,7
Pedestrian,Yes,08/10/2017 09:17:00 AM,17-187031,Western District,Prior Ave N & University Ave W,5,Yes,30,County - State Aid Highway,"Driver was NB Prior, making right turn onto EB University, looking left for traffic, on green light.  Pedestrian was crossing in crosswalk with walk light and right of way.  Driver admitted not looking for pedestrians while turning.",Yes,Driver,61,Male,St. Paul,55104,,,,,52,Male,St. Paul,55106,No,None,No,,,,"(44.95753295, -93.18215453)",1,17,4
Pedestrian,Yes,03/23/2016 02:59:00 PM,16-055981,Eastern District,Bates Ave & 7th Street,,,,,,No,None,35,Male,Cedar,55011,,,,,58,Male,Elk River,55330,Yes,Suspected Minor Injury,No,,,,"(44.95831955, -93.07172423)",1,15,2
Pedestrian,Yes,11/30/2016 09:00:00 PM,16-052501,Transit,University Ave W & Pascal St N,4,No,30,County - State Aid Highway,"Vehicle was EB University E of Pascal, lost control of vehicle and struck bus shelter and pedestrian who was inside.  Vehicle fled the scene.",No,None,6,Male,St. Paul,55104,,,,,18,Male,St. Paul,55116,Yes,Suspected Minor Injury,Yes,,,,"(44.95551997, -93.16110335)",1,17,7
Pedestrian,Yes,07/03/2017 12:40:00 PM,17-152446,Eastern District,7th St E & Johnson Pkwy,2,Yes,30,County - State Aid,"Driver was WB 7th, made a left turn to go SB Johnson.  Pedestrian was crossing in S x-walk.  Driver struck pedestrian.  Driver was impaired and was arrested.",Yes,Driver,59,Male,St. Paul,55106,,,,,79,Male,St. Paul,55106,Yes,Suspected Minor Injury,Yes,,,,"(44.96673335, -93.04506526)",1,15,1
Bike,Yes,06/13/2018 09:59:00 PM,18-128407,Western District,University Ave W & Snelling Ave N,4,Yes,30,County - State Aid Highway,Driver was EB University with green light.  Bike was NB Snelling against red light and was struck.  Biker was impaired by alcohol.  Biker cited for violation.,Yes,Biker,,,,,54,Male,Maplewood,55119,46,Female,St. Paul,55104,,,,Yes,Suspected Minor Injury,Yes,"(44.95551696, -93.16691776)",1,17,7
Pedestrian,Yes,06/03/2016 03:30:00 PM,16-109663,Central District,Cumberland & Larpenteur,,,,City Street,,No,None,9,Male,St. Paul,55117,,,,,53,Female,St. Paul,55117,Yes,Suspected Minor Injury,No,,,,"(44.99060068, -93.1174258)",1,3,3
Pedestrian,Yes,06/18/2018 11:55:00 PM,18-132780,Eastern District,Earl St & Pacific St,2,No,30,Municiapl State Aid,"Vehicle was SB Earl, making a left onto EB Pacific.  Peds were crossing SB in E x-walk.  Vehicle turned and struck pedestrians.   Driver found to be impaired by alcohol; arrested for Criminal Vehicular Operation.",Yes,Driver,56,Male,St. Paul,55106,,,,,47,Male,St. Paul,55106,Yes,Suspected Minor Injury,No,,,,"(44.9516052, -93.05605852)",1,15,2
Bike,Yes,12/23/2016 04:56:00 PM,16-262059,Central District,Robert St N & Fillmore St,5,No,30,State - Trunk Highway,Biker was NB on Robert going over bridge from Fillmore to Kellogg St in right lane.  Vehicle was NB Robert and struck biker from behind while looking away to adjust her heater.,No,None,,,,,29,Male,Minneapolis,55409,23,Female,St. Paul,55119,,,,Yes,Suspected Minor Injury,Yes,"(44.94387315, -93.08758955)",1,7,5
Pedestrian,Yes,01/20/2016 07:22:40 PM,16-012845,Central District,Rice St & Geranium,,,,,,Yes,Driver,52,Female,St. Paul,55117,,,,,53,Female,St. Paul,55117,Yes,Suspected Minor Injury,Yes,,,,"(44.97562629, -93.10565829)",1,3,3
Pedestrian,Yes,06/19/2018 07:53:00 PM,18-133462,Western District,Snelling Ave N & Thomas Ave,4,Yes,30,State - Trunk Highway,"DV1 stated that he was driving s/b on Snelling turning e/b onto Thomas when he ""bumped"" into P1. P1 stated he was injured and went to Regions Hospital with arm, shoulder, and knee injuries. P1 stated he was in the crosswalk when V1 came out of no where and struck him. P1 had green pedestrian crossing indicator. Lights functioning normally. DV1 cited. PV1 stated that DV1 barely struck pedestrian when he fell to the ground after the impact.",Yes,Driver,41,Male,St. Paul,55104,,,,,50,Male,St. Paul,55130,Yes,Suspected Minor Injury,Yes,,,,"(44.95919432, -93.16686099)",1,4,4
Pedestrian,Yes,10/03/2016 02:25:00 PM,16-202446,Central District,Jessamine Ave W & Park St,2,No,30,City Street,,No,None,18,Male,St. Paul,55104,,,,,28,Male,South St. Paul,55075,Yes,None,No,,,,"(44.9747271, -93.10219329)",1,3,3
Pedestrian,Yes,01/18/2017 06:54:00 AM,17-012083,Central District,Smith Ave N & Chestnut Street,3,Yes,30,Munincipal State Aid,"Vehicle was driving SB on Chestnut, making a left turn onto Smith.  Pedestrian was crossing Smith NB on Chestnut in the E crosswalk.  Light was green, with flashing red don't walk sign.  Driver stated he did not see the pedestrian in the crosswalk.  Pedestrian transported to hospital by ambulance.",No,None,50,Female,St. Paul,55104,,,,,77,Male,St. Paul,55106,Yes,Suspected Minor Injury,Yes,,,,"(44.9442537, -93.10516384)",1,11,5
Pedestrian,No,02/26/2016 03:37:00 PM,16-037290,Western District,Snelling Ave N & Shields,,,,,,No,None,45,Male,Unknown,Unknown,,,,,49,Female,Cottage Grove,55016,No,None,No,,,,"(44.95394, -93.1671002)",1,17,4
Bike,Yes,07/12/2017 09:38:00 PM,17-161521,Central District,Hatch & Lexington,2,No,30,City,Juvenile male on bike crossing street midblock was struck by driver who was EB Hatch.,No,None,,,,,8,Male,St. Paul,55103,60,Male,St. Paul,55103,,,,Yes,Possible Injury,Yes,"(44.97119789, -93.1458998)",1,2,3
Bike,Yes,06/14/2018 06:19:00 PM,18-129108,Central District,7 Pl E & St. Peter St,3,Yes,30,Municiapl State Aid,"Bicyclist was southbound St. Peter St. Vehicle was southbound St. Peter St. Turned left from the right hand lane, cutting off the bicyclist. Bicyclist ran into the vehicle.",No,None,,,,,29,Male,Minneapolis,55414,72,Male,Spring Valley,51767,,,,No,None,No,"(44.94776123, -93.09807996)",1,12,5
Pedestrian,Yes,04/09/2017 05:35:00 PM,17-077377,Western District,Hamline Ave N & Marshall,4,Yes,30,Municipal State Aid,"Vehicle was EB Marshall at red light and began to crepe forward to make a right turn.  Pedestrian had a walk signal and was crossing NB in W crosswalk.  Vehicle bumped into pedestrian, no injury.",No,None,39,Male,Milwaukee,53208,,,,,25,Male,St. Paul,55101,No,None,No,,,,"(44.94847918, -93.15695893)",1,17,7
Bike,Yes,07/29/2017 09:58:00 AM,17-176327,Eastern District,Johnson Pkwy & Maryland Ave,5,Yes,30,County - State Aid Highway,Biker was crossing SB Maryland in E x-walk.  Driver said he was distracted by a passenger and his vehicle lurched forward and struck the biker.  Minor injuries.,No,None,,,,,67,Male,Maplewood,55109,47,Male,St. Paul,55106,,,,Yes,Possible Injury,No,"(44.97754288, -93.0469697)",1,13,1
Pedestrian,Yes,02/18/2016 07:57:00 AM,16-031377,Western District,Sherburne Ave & Avon St N,,,,,,Yes,Driver,6,Male,St. Paul,55104,,,,,37,Female,St. Paul,55104,Yes,Suspected Minor Injury,Yes,,,,"(44.95661986, -93.13396608)",1,10,7
Pedestrian,Yes,07/28/2017 07:37:00 PM,17-175792,Central District,Smith Ave N & Kellogg Blvd,5,Yes,30,Municipal State Aid,"Driver was exiting parking ramp and looking left for traffic, struck pedestrian at low speed.",No,None,55,Male,St. Paul,55101,,,,,43,Female,New Hope,55427,Yes,Suspected Minor Injury,No,,,,"(44.9438275, -93.10096516)",1,12,5
Bike,Yes,04/21/2017 01:21:00 PM,17-087379,Eastern District,4th St E & Hancock,2,No,30,City,"Bike was WB on 4th Street, down hill.  Bike had no brakes and went through stop sign.  Biker tried to stop by getting off the bike, but was unable to stop.  Car struck biker at low speed.  Biker transported to hospital with suspected serious injuries.  Biker cited for fail to obey stop sign.",Yes,Biker,,,,,23,Male,St. Paul,55106,30,Male,St. Paul,55106,,,,Yes,Suspected Serious Injury,Yes,"(44.95854232, -93.05320716)",1,15,2