Crash Type,Report Made?,Date / Time,Case Number,District,Crash Location,Lanes Of Traffic,Signal Present?,Speed Limit Of Road (MPH),Road Type,Synopsis,Ticket/Arrest?,Citation To,Pedestrian Age,Pedestrian Gender,Pedestrian City Of Residence,Pedestrian Zip Code,Biker Age,Biker Gender,Biker City of Residence,Biker Zip Code,Driver Age,Driver Gender,Driver City Of Residence,Driver Zip Code,Injury to Pedestrian?,Level of Injury to Pedestrian,Pedestrian to Hospital?,Injury to Biker?,Level of Injury to Biker,Biker to Hospital?,Crash Lat/Long Location,Count,District Council - Map,Council Ward
Pedestrian,Yes,06/14/2018 01:34:00 PM,18-128867,Central District,State St & Florida St E,Parking Lot,No,10,Private,"Vehicle was backing out of a parking lot at 355 State Street.  Pedestrian was on sidewalk walking.  Driver ran over pedestrian and throught he blew a tire.  Driver then pulled forward, possibly running him over again.  Very serious life threatening injuries.  Charges pending further investigation.",No,None,56,Male,Woodbury,55129,,,,,31,Male,St. Paul,55106,Yes,Suspected Serious Injury,Yes,,,,"(44.93694986, -93.07687518)",1,7,5
Pedestrian,Yes,12/22/2016 10:45:00 AM,16-261096,Eastern District,7th St E & Arcade St,4,Yes,30,State - Trunk Highway,Vehicle was SB on Arcade making right turn to EB 7th Street.  Pedestrian was just east of crosswalk crossing 7th Street and was struck.  Driver was cited for driving without a license and failure to drive with due care.,Yes,Driver,43,Female,St. Paul,55106,,,,,31,Female,St. Paul,55106,Yes,Suspected Minor Injury,Yes,,,,"(44.96193523, -93.06596185)",1,15,2
Bike,Yes,10/08/2016 04:54:00 PM,16-206730,Eastern District,Arcade St & Jenks,4,No,30,State - Trunk Highway,Bike was riding fast on sidewalk and struck a vehicle emerging from the alley at this intersection.,No,None,,,,,16,Male,St. Paul,55106,54,Male,St. Paul,55119,,,,Yes,Suspected Minor Injury,Yes,"(44.97165737, -93.06595957)",1,13,1
Pedestrian,Yes,08/25/2016 09:58:00 AM,16-171158,Western District,360 Sherman St,Private,No,10,Private Parking Lot,,No,None,56,Male,White Bear Lake,55106,,,,,37,Female,St. Paul,55106,Yes,Suspected Minor Injury,Yes,,,,"(44.9424422, -93.10741419)",1,11,5
Pedestrian,Yes,02/12/2016 07:08:00 AM,16-027607,Central District,5th St E & St. Peter,,,,,,Yes,Driver,56,Female,Maplewood,55109,,,,,53,Female,St. Paul,55117,Yes,Suspected Minor Injury,Yes,,,,"(44.94520277, -93.09557134)",1,12,5
Bike,Yes,08/04/2017 01:48:00 PM,17-181963,Central District,Lexington Pkwy S & Randolph,3,Yes,30,County - State Aid Highway,"Driver EB Randolph, making right turn to SB Lexington.  Biker EB Randolph going straight in right turn lane.",No,None,,,,,27,Male,Saint Paul Park,55071,40,ma,St. Paul,55104,,,,Yes,Suspected Minor Injury,No,"(44.92681197, -93.1467597)",1,6,6
Pedestrian,Yes,11/11/2016 08:07:00 PM,16-232570,Western District,Thomas Ave W & Dunlap St N,2,No,30,Municipal Aid Street,vehicle pulled out of a parking space and struck pedestrian who was illegally in roadway.,No,None,30,Female,St. Paul,55104,,,,,,Unknown,Unknown,Unknown,Yes,Possible Injury,Yes,,,,"(44.95925569, -93.1488233)",1,4,4
Bike,Yes,07/27/2017 07:03:00 PM,17-174829,Central District,Como Ave & Western Ave N,3,No,30,County - State Aid Highway,"Driver NW on Como, making a left to WB Minnehaha.  Biker SE on Como.  Driver said the sun was in her eyes and she did not see the biker.",Yes,Driver,,,,,55,Male,St. Paul,55337,64,Female,St. Paul,55106,,,,Yes,Suspected Minor Injury,Yes,"(44.96306182, -93.11348804)",1,10,7
Bike,Yes,07/08/2017 05:24:00 PM,17-032070,Metro Transit PD,Rice St & University Ave,4,Yes,30,County - State Aid Highway,"Driver SB Rice, making right turn to WB University.  Biker WB in N x-walk.",No,None,,,,,22,Male,St. Paul,55106,51,Female,St. Paul,55103,,,,Yes,Possible Injury,Yes,"(44.95594553, -93.10605513)",1,10,7
Pedestrian,Yes,10/06/2016 10:37:00 AM,16-204866,Western District,University Ave W & Transfer Rd,5,Yes,30,County - State Aid Highway,,No,None,35,Male,Richfield,55423,,,,,,Unknown,Unknown,Unknown,Yes,Suspected Minor Injury,Yes,,,,"(44.95991583, -93.18736852)",1,1,4
Bike,Yes,05/19/2017 11:28:00 AM,17-112007,Eastern District,Maryland Ave E & Flandrau,4,Stop Sign,30,County - State Aid Highway,Bicyclist/Victim was crossing the street when a vehicle struck the bike. Victim fell to the ground. Suspect vehicle described as a gray colored Ram Truck with a gray colored topper driven by an Asian male adult fled the scene.,No,None,,,,,18,Male,St. Paul,55119,,Male,Unknown,Unknown,,,,No,None,No,"(44.97748884, -93.02784553)",1,14,1
Pedestrian,Yes,02/16/2016 03:49:00 PM,16-030290,Central District,6th St E & Jackson St,,,,,,No,,54,Male,Roseville,55113,,,,,49,Female,St. Paul,55105,Yes,Suspected Minor Injury,No,,,,"(44.9488967, -93.0901713)",1,12,5
Bike,Yes,08/28/2017 08:36:00 PM,17-203146,Eastern District,White Bear Ave N & Maryland Ave E,4,Yes,30,County - State Aid Highway,Driver SB White Bear.  Biker EB Maryland in S x-walk.  Driver fled scene.,No,None,,,,,53,Female,St. Paul,55106,,Unknown,Unknown,Unknown,,,,Yes,Suspected Minor Injury,Yes,"(44.9774918, -93.02535896)",1,14,1
Bike,Yes,06/26/2016 05:47:00 PM,16-128018,Eastern District,Maryland Ave E & Frank Street,,,,City Street,,No,None,,,,,18,Male,St. Paul,55119,,Unknown,Unknown,Unknown,,,,No,None,No,"(44.97760352, -93.05331782)",1,13,1
Pedestrian,Yes,01/25/2017 04:44:00 PM,17-017891,Central District,5th Street E & Robert St N,5,Yes,30,Munincipal State Aid,"Driver was going eastbound on 5th St. driver turned right onto Robert St from 5th ST and struck the pedestrian. pedestrian
had swelling to their foot and leg. no damage to pickup. driver stated he did not know if he had struck pedestrian. Driver
stated he came back to the scene because people in the crosswalk were yelling at him.",Yes,Driver,18,Female,St. Paul,55117,,,,,47,Male,"Somerset, WI",54025,Yes,Possible Injury,No,,,,"(44.94739165, -93.09084152)",1,12,5
Pedestrian,Yes,04/02/2017 02:28:00 AM,17-070971,Central District,Rice St & Larpenteur,Private,No,10,Parking Lot,Vehicle backed into a pedestrian who was standing in the parking lot of a business.  Minor injuries.  Driver was cited for failure to drive with due care.,Yes,Driver,44,Male,St. Paul,55117,,,,,23,Male,Northfield,55057,Yes,Suspected Minor Injury,No,,,,"(44.98960926, -93.10586432)",1,3,3
Pedestrian,Yes,10/06/2016 01:13:00 PM,16-205020,Western District,Lexington Pkwy N & Concordia,7,Yes,30,County - State Aid Highway,,No,None,40,Male,St. Paul,55106,,,,,58,Male,Falcon Heights,55113,Yes,Possible Injury,No,,,,"(44.95114068, -93.14694244)",1,17,7
Bike,Yes,01/25/2019 04:56:00 PM,19-018015,Western District,University Ave W & Raymond,4,Yes,30,County - State Aid Highway,Driver made right turn and struck biker.  Driver citd.,Yes,Driver,,,,,44,Male,St. Paul,55104,33,Male,Inver Grove Heights,55077,,,,No,None,No,"(44.96404514, -93.19761529)",1,1,4
Pedestrian,Yes,01/28/2016 07:08:00 AM,16-017702,Central District,Humboldt Ave & Robie St,,,,,,No,,14,Female,St. Paul,55107,,,,,55,Male,West St. Paul,55118,Yes,Suspected Minor Injury,Yes,,,,"(44.93015103, -93.08524667)",1,7,5
Pedestrian,Yes,02/17/2016 06:43:00 PM,16-031114,Western District,Hamline Ave N & University Ave W,,,,,,Yes,Driver,71,Male,St. Paul,55102,,,,,31,Male,St. Paul,55104,Yes,Suspected Minor Injury,Yes,,,,"(44.95550428, -93.15710896)",1,17,7
Bike,Yes,05/14/2017 01:12:00 PM,17-107904,Central District,Winifred St W & Winslow,2,Stop Sign,30,Municipal State Aid,"Vehicle was WB on Winslow driving straight through the intersection of Winslow.  Bike was NB Winslow riding in the street, down hill.  Bike failed to stop for stop sign and struck vehicle.  Bike may have had a malfunction with the brakes.  Biker transported to hospital for non-life threatening injuries.",No,None,,,,,14,Male,St. Paul,55107,48,Male,St. Paul,55107,,,,Yes,Possible Injury,Yes,"(44.93138624, -93.0896092)",1,7,5
Bike,Yes,08/16/2017 01:19:00 AM,17-191939,Western District,Fairview Ave S & Wellesley,2,No,30,City,"Driver was EB Wellesley.  Biker WB Wellesley.  They collided.  No independent witnesses, each claimed the other was at fault.",No,None,,,,,46,Male,St. Paul,55106,24,Male,St. Paul,55105,,,,Yes,Possible Injury,No,"(44.93158817, -93.17612424)",1,5,6
Pedestrian,Yes,03/21/2016 11:24:00 PM,16-054805,Eastern District,Suburban & Ruth,,,,,,No,None,30,Male,St. Paul,55119,,,,,,Unknown,Unknown,Unknown,Yes,Suspected Minor Injury,No,,,,"(44.94963281, -93.01823605)",1,16,2
Pedestrian,Yes,07/04/2018 10:21:00 PM,18-147614,Eastern District,6 St E & Bates st,2,No,30,Municiapl State Aid,"Driver was WB 6th, making left to SB Bates.  Struck a pedestran that was trying to cross the street.  Driver fled the scene.",No,None,14,Male,St. Paul,55106,,,,,,Unknown,Unknown,Unknown,Yes,Possible Injury,No,,,,"(44.95763712, -93.07095855)",1,15,2
Pedestrian,Yes,07/21/2017 03:13:00 PM,17-169481,Western District,Dale St N & Topping,4,No,30,County - State Aid Highway,"Pedestrian crossing Topping SB on E side of  Dale, in crosswalk.  Driver struck pedestrian.",Yes,Driver,15,Male,St. Paul,55104,,,,,25,Female,Columbia Heights,55421,Yes,Suspected Minor Injury,No,,,,"(44.96741682, -93.12605816)",1,3,7
Pedestrian,Yes,08/10/2017 04:08:00 PM,17-187290,Western District,Ashland Ave & Mackubin,2,Stop Sign,30,City,"Driver NB on Mackubin, midblock, north of Ashland.  Pedestrian ran across street (raining) and was struck.  Driver claimed to not have seen pedestrian until too late.  Driver fled because she was scared.  Case submitted to City Attorney for Charging.",Yes,Driver,24,Female,St. Paul,55102,,,,,36,Female,St. Paul,55104,Yes,Suspected Minor Injury,Yes,,,,"(44.9446664, -93.12132154)",1,9,7
Pedestrian,Yes,02/05/2016 07:08:00 PM,16-023556,Central District,Kellogg Bd W & Mulberry St,,,,,,No,,27,Female,St. Paul,55102,,,,,,Unknown,Unknown,Unknown,Yes,Suspected Minor Injury,Yes,,,,"(44.94814519, -93.10552468)",1,12,5
Bike,Yes,05/22/2016 05:26:00 PM,16-100189,Eastern District,1277 Ross Ave E (street in front),,,,City Street,,Yes,Driver,,,,,11,Male,St. Paul,55106,19,Male,St. Paul,55106,,,,Yes,Suspected Serious Injury,Yes,"(44.96564021, -93.04669158)",1,15,1
Pedestrian,Yes,02/02/2016 01:46:00 PM,16-021268,Eastern District,7th St E & Maria,,,,,,No,,21,Male,Chanhassen,55317,,,,,26,Male,Woodbury,55125,Yes,Suspected Minor Injury,No,,,,"(44.95811392, -93.07384228)",1,15,2
Bike,No,03/14/2016 08:52:00 AM,16-049190,Western District,St. Clair Ave & Finn St,,,,,,No,None,,,,,75,Female,Plymouth,55447,,Unknown,Unknown,Unknown,,,,No,None,No,"(44.9343015, -93.1901177)",1,5,6
Bike,Yes,07/26/2017 11:55:00 AM,17-173536,Central District,Rice St & Wheelock Pkwy,4,Yes,30,County - State Aid Highway,"Driver EB Wheelock, making right turn to SB Rice.  Biker SB on W sidewalk of Rice.",No,None,,,,,32,Male,St. Paul,55117,43,Male,St. Paul,55113,,,,No,None,No,"(44.98999658, -93.10579662)",1,3,3
Bike,Yes,08/24/2016 05:12:00 PM,16-170558,Western District,827 Grand Ave,3,No,30,Municipal Aid Street,,No,None,,,,,51,Male,St. Paul,55105,32,Female,Eagan,55122,,,,Yes,Possible Injury,Yes,"(44.94000656, -93.13499565)",1,8,5
Bike,Yes,06/26/2018 08:47:00 PM,18-140166,Western District,University Ave W & Vandalia Ave,4,Yes,30,County - State Aid Highway,Driver struck bike who was crossing in a crosswalk.  Driver cited for fail to drive with due care.,Yes,Driver,,,,,56,Male,St. Paul,55107,61,Male,Stillwater,55082,,,,Yes,Possible Injury,Yes,"(44.95561613, -93.1770799)",1,17,4
Pedestrian,Yes,07/01/2017 02:23:00 PM,17-150618,Central District,Virginia St & Sherburne,2,No,30,City,"8 y/o playing in street, was struck by driver.",No,None,8,Male,St. Paul,55103,,,,,33,Female,St. Paul,55117,Yes,Possible Injury,Yes,,,,"(44.95716385, -93.11492892)",1,10,7
Bike,Yes,07/06/2018 03:50:00 PM,18-149310,Eastern District,Lower Afton Rd & Winthrop St S,2,No,30,County - State Aid Highway,Biker struck vehicle that was exiting a driveway.,No,None,,,,,21,Male,St. Paul,55119,73,Female,St. Paul,55119,,,,No,None,No,"(44.93279265, -93.01222198)",1,16,2
Pedestrian,Yes,06/27/2018 05:54:00 PM,18-141063,Eastern District,7th St E & Ocean St,2,No,30,Municiapl State Aid,"Driver made a right turn into the driveway of a house.  There were children playing, driver tried to avoid them, but ran over 1 of them.",No,None,4,Male,St. Paul,55106,,,,,21,Male,St. Paul,55106,Yes,Suspected Serious Injury,Yes,,,,"(44.96685689, -93.04664057)",1,15,1
Pedestrian,Yes,08/08/2017 04:27:00 PM,17-185424,Central District,Robert St S & Fillmore Ave,3,Yes,30,Municipal State Aid,"Driver making a right turn on red light, looking left.  Pedestrian walking SB on E side of Robert in crosswalk (entered on do not walk).  No injuries.",No,None,60,Female,St. Paul,55119,,,,,34,Female,Minneapolis,55417,No,None,No,,,,"(44.94130746, -93.0851107)",1,7,5
Bike,Yes,07/02/2018 11:10:00 AM,18-145174,Western District,Snelling Ave N & Hewitt,4,Yes,30,State - Trunk Highway,"Driver was WB Hewitt, making right turn to NB Snelling.  Biker SB on sidewalk, rode into vehicle.",No,None,,,,,63,Male,St. Paul,55104,24,Male,Brooklyn Park,55443,,,,Yes,Possible Injury,No,"(44.96645227, -93.16686358)",1,4,4
Pedestrian,Yes,01/30/2017 07:00:00 AM,17-021099,Western District,Lexington Pkwy & Marshall Ave,5,Yes,30,County - State Aid Highway,Vehicle was EB Marshall and made a left turn to NB Lexington.  Pedestrian was walking WB in the N X-walk.  The vehicle turned left and struck the pedestrian and then fled the scene without stopping.  The pedestrian had a knee injury and was transported to the hospital.  The investigation is on-going. (SRTS),No,None,17,Male,St. Paul,55104,,,,,,Unknown,Unknown,Unknown,Yes,Possible Injury,Yes,,,,"(44.94847626, -93.1464862)",1,9,7
Bike,Yes,01/25/2016 09:43:00 AM,16-015669,Western District,Kent St & Summit,,,,,,Yes,Driver,,,,,41,Male,St. Paul,55106,33,Female,Woodbury,55129,,,,Yes,Suspected Minor Injury,No,"(44.9412699, -93.1236959)",1,8,5
Ped2,,03/15/2016 07:40:00 PM,16-050319,,Kellogg Bd W & Mulberry St,,,,,,,,63,Female,Crystal,55428,,,,,,,,,Yes,Suspected Serious Injury,Yes,,,,"(44.94826853, -93.10536905)",1,12,5
Pedestrian,Yes,02/21/2016 01:04:00 AM,16-033493,Western District,Selby Ave & Snelling Ave N,,,,,,Yes,Driver,,Unknown,Unknown,Unknown,,,,,26,Male,St. Paul,55105,Unknown,Unknown,No,,,,"(44.9465863, -93.1671293)",1,17,4
Bike,Yes,06/29/2018 09:53:00 AM,18-142565,Western District,Snelling Ave S & Portland Ave,4,No,30,County - State Aid Highway,Driver was exiting parking lot onto Lexington.  Biker was riding on the sidewalk and was struck.,No,None,,,,,71,Male,St. Paul,55105,62,Male,St. Paul,55105,,,,Yes,Possible Injury,Yes,"(44.94291, -93.167006)",1,17,4
Pedestrian,Yes,07/05/2018 07:22:00 PM,18-148531,Central District,Cook Ave W & Matilda,2,No,30,City,"Driver was EB on Cook.  Ped was on a scooter, riding in street. Driver struck the pedestrian in the intersection, dragging the pedestrian.",No,None,4,Male,St. Paul,55106,,,,,33,Male,St. Paul,55104,Yes,Suspected Serious Injury,Yes,,,,"(44.9732664, -93.11243778)",1,3,3
Pedestrian,Yes,10/17/2016 09:58:00 PM,16-045927,Transit,3rd St & Germain St,2,No,30,Municipal Aid Street,Ped was illegally crossing street.  Bus' right rear mirror struck the ped.,No,None,28,Male,St. Paul,55106,,,,,62,Female,St. Paul,55130,Yes,Suspected Minor Injury,Yes,,,,"(44.9568002, -93.0330386)",1,16,2
Pedestrian,Yes,07/08/2018 12:27:00 PM,18-150780,Western District,Beulah Lane & Midway,2,No,10,City,"Child ran across the parking lot, striking a vehicle.",No,None,5,Female,Chaska,55318,,,,,23,Male,Montrose,55363,Yes,Possible Injury,No,,,,"(44.9797507, -93.15385567)",1,2,4
Pedestrian,Yes,07/11/2017 10:34:00 PM,17-160488,Central District,Rice St & University Ave,4,Yes,30,County - State Aid,Pedestrian was crossing University in E crosswalk.  Driver was SB Rice making a left onto EB University and struck pedestrian.  Driver cited.,Yes,Driver,16,Female,St. Paul,55117,,,,,25,Male,St. Paul,55106,Yes,Suspected Minor Injury,No,,,,"(44.95588015, -93.10598678)",1,10,7
Pedestrian,Yes,07/17/2017 04:00:00 PM,17-165792,Central District,Rice St & University Ave,4,Yes,30,County - State Aid,Driver was EB University with a green light.  Pedestrian ran SB in E x-walk against red light and was struck by vehicle.  No citations issued.,No,None,17,Male,St. Paul,55103,,,,,58,Female,St. Paul,55106,Yes,Possible Injury,Yes,,,,"(44.95588015, -93.10598678)",1,10,7
Pedestrian,Yes,04/30/2017 12:06:00 PM,17-095169,Eastern District,6th St E & Forest St,2,No,30,Municipal State Aid,Vehicle was driving W/B on 6th St E when 7 y/o pedestrian darted across the street between two vehicles. Vehicle did not have time to stop and struck Pedestrian.,No,None,7,Male,St. Paul,55106,,,,,40,Female,St. Paul,55106,Yes,Suspected Minor Injury,Yes,,,,"(44.96044319, -93.06222636)",1,15,2
Bike,Yes,09/29/2016 06:05:00 PM,16-199296,Western District,Cleveland Ave S & Highland Pkwy,3,No,30,County - State Aid Highway,,Yes,Driver,,,,,24,Female,St. Paul,55104,41,Female,Minneapolis,55406,,,,Yes,Suspected Minor Injury,Yes,"(44.91978294, -93.18737662)",1,6,6
Bike,Yes,07/19/2017 02:04:00 AM,17-167173,Western District,Grand & Avon,3,No,30,Municiapl State Aid,"Driver was EB Grand, making left turn.  Biker was EB Grand, in WB lane.  Driver could not see Biker and struck him when turning.",No,None,,,,,19,Male,Brooklyn Park,55444,57,Male,St. Paul,55119,,,,Yes,Possible Injury,Yes,"(44.93995672, -93.13281575)",1,8,5
Pedestrian,Yes,02/07/2016 05:35:00 AM,16-024535,Western District,Como Ave & Snelling,,,,,,No,,32,Male,Minneapolis,55405,,,,,,Unknown,Unknown,Unknown,Yes,Suspected Minor Injury,No,,,,"(44.97734584, -93.16672559)",1,2,4
Pedestrian,Yes,01/02/2016 06:04:00 PM,16-001093,Eastern District,Arcade Street & Minnehaha,,,,State - Trunk Highway,,Yes,Driver,48,Female,St. Paul,55106,,,,,48,Male,St. Paul,55106,No,None,No,,,,"(44.96305024, -93.06600831)",1,15,2
Bike,Yes,06/01/2016 04:11:00 PM,16-108000,Western District,University Ave W & Lexington Pkwy,,,,County - State Aid Highway,,No,None,,,,,25,Male,Unknown,Unknown,64,Male,St. Paul,55102,,,,No,None,No,"(44.95556723, -93.14808082)",1,17,7
Pedestrian,Yes,01/19/2016 09:25:44 AM,16-011810,Western District,Ford Pkwy & Finn St,,,,,,No,,39,Male,Minneapolis,55407,,,,,42,Female,South St. Paul,55075,No,None,No,,,,"(44.91796357, -93.18988531)",1,6,6
Pedestrian,Yes,10/05/2016 06:40:00 PM,16-204409,Western District,Dale St N & Thomas Ave,2,No,10,Alley,,No,None,31,Female,Brooklyn Park,55443,,,,,85,Female,St. Paul,55104,Yes,Suspected Minor Injury,No,,,,"(44.95909133, -93.12651294)",1,10,7
Pedestrian,Yes,01/17/2017 04:39:00 PM,17-011680,Western District,University Ave W & Pascal St N,Private,No,10,Private,Driver struck pedestrian in the parking lot of Cub Foods (1440 W University).  No injuries.,No,None,53,Female,St. Paul,55117,,,,,80,Male,St. Paul,55104,Yes,None,No,,,,"(44.95546582, -93.16198804)",1,17,7
Pedestrian,Yes,03/14/2017 06:23:00 PM,17-055534,Western District,Lexington Pkwy & Summit Ave,4,Yes,30,County - State Aid Highway,"Vehicle was NB Lexington at Summit, with a green light.  Pedestrian was WB in N crosswalk and stepped into street against signal.  Transported to hospital with signifigan injuries.  Now appears non-life threatening, but crash reconstruction was completed.",No,None,29,Male,St. Paul,55102,,,,,29,Female,St. Paul,55117,Yes,Suspected Serious Injury,Yes,,,,"(44.94138323, -93.14659225)",1,8,5
Pedestrian,Yes,09/28/2016 02:11:00 PM,16-198359,Eastern District,McKnight Rd N & Old Hudson,5,Yes,30,County - State Aid Highway,,No,None,88,Male,St. Paul,55119,,,,,74,Female,Maplewood,55119,Yes,Suspected Minor Injury,No,,,,"(44.95073406, -93.00524918)",1,16,2
Pedestrian,Yes,05/30/2017 09:02:00 AM,17-121488,Eastern District,Jenks & Frank,2,No,30,City,"On 05/30/2017 at approximately 0908 hours, Vehicle #1 was SB Frank when a child darted out (EB) from the alley South of Jenks. Driver of vehicle #1 said he attempted to stop but was unable to and struck the child. Per the child's sister, she was holding the child's hand when he darted towards the street and did not stop for the vehicle. The child had a scuff on his right knee and was not transported to the hospital. Driver of Vehicle #1 was cited for DAS (620906092020).",No,None,4,Male,St. Paul,55106,,,,,34,Male,St. Paul,55106,Yes,Possible Injury,No,,,,"(44.97080924, -93.05333929)",1,13,1
Bike,Yes,08/01/2017 07:34:00 AM,17-178654,Central District,Arundel St & Maryland,2,Stop Sign,30,County - State Aid Highway,"Driver NB Arundel, making right to EB Maryland.  Biker WB on S sidewalk /x-walk crossing Arundel.  Driver said he accidentally hit gas instead of brake, striking biker.  Driver cited.",Yes,Driver,,,,,42,Male,St. Paul,55117,21,Male,St. Paul,55130,,,,Yes,Suspected Minor Injury,Yes,"(44.97743287, -93.11875463)",1,3,3
Bike,Yes,10/21/2016 05:01:00 PM,16-217006,Central District,7th St E & Bates St,4,No,30,State - Trunk Highway,"Bike riding WB on 7th St in EB lanes, wrong direction.  Vehicle EB side swiped biker, causing injury and mirror to break off car.  Vehicle did not stop, H&R.",No,None,,,,,51,Male,St. Paul,55106,,Unknown,Unknown,Unknown,,,,Yes,Suspected Minor Injury,Yes,"(44.95892253, -93.07216779)",1,15,2
Pedestrian,Yes,08/31/2017 11:36:00 AM,17-205550,Western District,Hamline Ave N & University Ave W,5,Yes,30,County - State Aid Highway,"Driver NB Hamline, making right turn on green light.  Pedestrian crossing NB in E x-walk on walk sign.  Driver struck pedestrian.  Driver cited.",Yes,Driver,61,Female,St. Paul,55103,,,,,69,Male,St. Paul,55102,Yes,Possible Injury,No,,,,"(44.955637, -93.156821)",1,17,7
Bike,Yes,06/27/2017 06:50:00 PM,17-147018,Eastern District,Ivy Ave E & McKnight,2,No,30,City,Bike and Vehicle were EB Ivy approaching McKnight.  Bike was riding in middle of lane.  Vehicle honked and then went around.  Bike turned left into vehicle.,No,None,,,,,38,Male,St. Paul,55106,35,Male,St. Paul,55119,,,,No,None,No,"(44.98109264, -93.0061916)",1,14,1
Pedestrian,Yes,07/03/2017 02:02:00 AM,17-152108,Central District,Larpenteur Ave E & Wanda Street,4,No,30,County - State Aid,"Pedestrian was walking on S side of roadway, no sidewalk present.  Driver was EB Larpentuer and struck pedestrian.  Driver was impaired and was arrested.  Pedestrian was killed.",Yes,Driver,41,Male,St. Paul,55117,,,,,38,Male,Savage,55378,Yes,FATAL,Yes,,,,"(44.9918389, -93.09749051)",1,,
Pedestrian,Yes,08/11/2017 05:39:00 PM,17-188333,Central District,Rice St & Manitoba Ave,4,No,30,County - State Aid Highway,"Driver NB Rice at Manitoba.  Pedestrian crossing in crosswalk (not marked).  Other cars stopped, but driver did not and struck pedestrian.  Driver cited.",Yes,Driver,11,Male,St. Paul,55117,,,,,42,Female,Little Canada,55117,No,None,No,,,,"(44.96837756, -93.10595947)",1,3,7
Bike,Yes,03/22/2016 11:19:00 AM,16-055085,Eastern District,Mendota & Minnehaha,,,,,,No,None,,,,,51,Male,St. Paul,55106,28,Male,St. Paul,55106,,,,Yes,Suspected Minor Injury,Yes,"(44.96306864, -93.0636114)",1,15,1
Bike,Yes,08/11/2017 04:18:00 PM,17-188231,Western District,Concordia Ave & Lexington Pkwy,3,Yes,30,County - State Aid Highway,"Driver EB Concordia, making right to SB Lexington.  Biker NB in W x-walk.  Driver said she did not see the biker.  Driver cited.",Yes,Driver,,,,,15,Mal,St. Paul,55104,41,Fe,St. Paul,55104,,,,No,None,No,"(44.95116259, -93.14679491)",1,17,7
Pedestrian,Yes,02/12/2016 05:43:00 AM,16-027595,Central District,7th St W & Randolph,,,,,,No,,46,Male,St. Paul,55101,,,,,30,Male,St. Paul,55102,Yes,Suspected Minor Injury,Yes,,,,"(44.92683357, -93.12817034)",1,11,5
Pedestrian,Yes,04/12/2017 07:21:00 PM,17-080214,Western District,Dayton Ave & Cretin St,4,No,30,Municipal State Aid,"Vehicle was WB Dayton, making left turn to SB Cretin.  Ped was crossing Cretin in S x-walk.  Driver said they did not see the pedestrian because they were watching for traffic.  Driver cited for failure to yield to pedestrian in a crosswalk.",Yes,Driver,21,Female,St. Paul,55105,,,,,62,Male,Edina,565439,Yes,Possible Injury,No,,,,"(44.94737911, -93.19249951)",1,17,4
Bike,Yes,05/23/2017 12:05:00 PM,17-115444,Central District,Shepard Rd & Washington,4,Traffic Signal,40,County - State Aid Highway,"Bike was riding on sidewalk.  Vehicle making right turn, looking left, struck bike.",No,None,,,,,18,Female,St. Paul,55101,64,Male,St. Paul,55102,,,,Yes,Suspected Minor Injury,No,"(44.93820015, -93.10411323)",1,11,5
Bike,Yes,07/11/2017 02:41:00 PM,17-160056,Western District,Dale St N & Minnehaha Ave W,4,Yes,30,County - State Aid,Driver was SB Dale with green light.  Biker was EB Minnehaha against red light.  Witnesses confirmed that biker was darting into traffic against light.  No citations.,No,None,,,,,14,Male,St. Paul,55104,36,Female,Woodbury,55125,,,,Yes,Possible Injury,Yes,"(44.96299346, -93.12641416)",1,10,7
Pedestrian,No,02/01/2016 03:25:00 PM,16-020580,Western District,Hamline Ave N & Selby Ave,,,,,,No,,29,Male,St. Paul,55105,,,,,36,Male,Minneapolis,55418,No,None,No,,,,"(44.9465363, -93.1568792)",1,17,7
Pedestrian,Yes,09/02/2016 01:51:00 PM,16-178115,Western District,Arcade St & Neid,3,Yes,30,State - Trunk Highway,,Yes,Driver,44,Female,St. Paul,55130,,,,,64,Male,St. Paul,55106,Yes,Possible Injury,Yes,,,,"(44.96720196, -93.06603974)",1,13,1
Pedestrian,Yes,06/30/2017 04:17:00 PM,17-149624,Eastern District,7th St E & Minnehaha Ave e,4,No,30,State - Trunk Highway,Driver was backing into a parking spot on E 7th Street when he struck a pedestrian.  Driver cited.,Yes,Driver,61,Female,St. Paul,55106,,,,,30,Female,St. Paul,55106,Yes,Possible Injury,Yes,,,,"(44.9626683, -93.06436635)",1,15,2
Pedestrian,Yes,05/07/2016 12:00:00 AM,16-088766,Eastern District,1321 Reaney Ave,,,,City Street,,No,None,22,Male,Minneapolis,55025,,,,,,Unknown,Unknown,Unknown,Yes,Suspected Minor Injury,Yes,,,,"(44.9641675, -93.0451873)",1,14,2
Bike,Yes,07/13/2017 01:51:00 PM,17-162055,Eastern District,7th St E & Johnson Pkwy,2,Yes,30,County - State Aid,"Driver was turning into 846 Johnson Pkwy. As he entered the lot he struck a bicyclist. After he struck the bicyclist he
continued into the parking lot and struck a parked motor vehicle. There were no injuries. The driver of unit 1 was arrested for
Felony driving while impaired.",Yes,Driver,,,,,16,Male,St. Paul,55106,25,Male,St. Paul,55106,,,,No,None,No,"(44.96673335, -93.04506526)",1,15,1